{"0": {"precision": 0.9100719424460432, "recall": 0.8694158075601375, "f1-score": 0.8892794376098418, "support": 582}, "1": {"precision": 0.8556701030927835, "recall": 0.9263392857142857, "f1-score": 0.8896034297963558, "support": 448}, "2": {"precision": 0.8581818181818182, "recall": 0.9182879377431906, "f1-score": 0.8872180451127818, "support": 514}, "3": {"precision": 0.7031408308004052, "recall": 0.9378378378378378, "f1-score": 0.8037058482918356, "support": 740}, "4": {"precision": 0.7339901477832512, "recall": 0.9675324675324676, "f1-score": 0.8347338935574229, "support": 462}, "5": {"precision": 0.9501039501039501, "recall": 0.9307535641547862, "f1-score": 0.9403292181069959, "support": 491}, "6": {"precision": 0.8051575931232091, "recall": 0.9894366197183099, "f1-score": 0.8878357030015798, "support": 284}, "7": {"precision": 0.8341404358353511, "recall": 0.9412568306010929, "f1-score": 0.8844672657252889, "support": 732}, "8": {"precision": 0.7601296596434359, "recall": 0.7282608695652174, "f1-score": 0.7438540840602698, "support": 644}, "9": {"precision": 0.8892355694227769, "recall": 0.667447306791569, "f1-score": 0.7625418060200669, "support": 854}, "10": {"precision": 0.920814479638009, "recall": 0.9004424778761062, "f1-score": 0.9105145413870246, "support": 452}, "11": {"precision": 0.8983957219251337, "recall": 0.8086642599277978, "f1-score": 0.8511716276124129, "support": 831}, "12": {"precision": 0.9018987341772152, "recall": 0.867579908675799, "f1-score": 0.8844065166795966, "support": 657}, "13": {"precision": 0.9246231155778895, "recall": 0.8679245283018868, "f1-score": 0.8953771289537712, "support": 424}, "14": {"precision": 0.9134328358208955, "recall": 0.7836107554417413, "f1-score": 0.8435561681598897, "support": 781}, "15": {"precision": 0.8652482269503546, "recall": 0.9384615384615385, "f1-score": 0.900369003690037, "support": 260}, "16": {"precision": 0.9359267734553776, "recall": 0.8814655172413793, "f1-score": 0.9078801331853497, "support": 464}, "17": {"precision": 0.9538904899135446, "recall": 0.8508997429305912, "f1-score": 0.8994565217391304, "support": 778}, "18": {"precision": 0.7105263157894737, "recall": 0.9391304347826087, "f1-score": 0.8089887640449438, "support": 230}, "19": {"precision": 0.8716577540106952, "recall": 0.7749603803486529, "f1-score": 0.8204697986577181, "support": 1262}, "20": {"precision": 0.9710467706013363, "recall": 0.8989690721649485, "f1-score": 0.9336188436830835, "support": 485}, "21": {"precision": 0.6759124087591241, "recall": 0.9665970772442589, "f1-score": 0.79553264604811, "support": 479}, "22": {"precision": 0.9652509652509652, "recall": 0.7961783439490446, "f1-score": 0.8726003490401396, "support": 942}, "23": {"precision": 0.8041044776119403, "recall": 0.8689516129032258, "f1-score": 0.8352713178294574, "support": 496}, "24": {"precision": 0.838963963963964, "recall": 0.8036677454153183, "f1-score": 0.8209366391184574, "support": 927}, "25": {"precision": 0.5894039735099338, "recall": 0.9544235924932976, "f1-score": 0.7287615148413511, "support": 373}, "26": {"precision": 0.9296875, "recall": 0.9242718446601942, "f1-score": 0.9269717624148004, "support": 515}, "27": {"precision": 0.9682539682539683, "recall": 0.963882618510158, "f1-score": 0.9660633484162896, "support": 443}, "28": {"precision": 0.8798449612403101, "recall": 0.908, "f1-score": 0.8937007874015748, "support": 250}, "29": {"precision": 0.9253731343283582, "recall": 0.9253731343283582, "f1-score": 0.9253731343283582, "support": 67}, "30": {"precision": 0.9318181818181818, "recall": 1.0, "f1-score": 0.9647058823529412, "support": 41}, "31": {"precision": 0.6804451510333863, "recall": 0.9617977528089887, "f1-score": 0.7970204841713221, "support": 445}, "32": {"precision": 0.8531746031746031, "recall": 0.8829568788501027, "f1-score": 0.8678102926337034, "support": 487}, "33": {"precision": 0.8022959183673469, "recall": 0.8254593175853019, "f1-score": 0.813712807244502, "support": 762}, "34": {"precision": 0.7186379928315412, "recall": 0.9502369668246445, "f1-score": 0.8183673469387754, "support": 422}, "35": {"precision": 0.8344370860927153, "recall": 0.8699654775604143, "f1-score": 0.8518309859154931, "support": 869}, "36": {"precision": 0.9381918819188192, "recall": 0.6186131386861314, "f1-score": 0.745601173020528, "support": 1644}, "37": {"precision": 0.8439024390243902, "recall": 0.7688888888888888, "f1-score": 0.8046511627906977, "support": 450}, "38": {"precision": 0.8776167471819646, "recall": 0.823262839879154, "f1-score": 0.8495713172252533, "support": 662}, "39": {"precision": 0.8059149722735675, "recall": 0.9498910675381264, "f1-score": 0.8720000000000001, "support": 459}, "40": {"precision": 0.9215976331360947, "recall": 0.8534246575342466, "f1-score": 0.8862019914651494, "support": 730}, "41": {"precision": 0.8611764705882353, "recall": 0.7973856209150327, "f1-score": 0.828054298642534, "support": 459}, "42": {"precision": 0.8888888888888888, "recall": 0.9341825902335457, "f1-score": 0.9109730848861283, "support": 471}, "43": {"precision": 0.930635838150289, "recall": 0.9415204678362573, "f1-score": 0.9360465116279071, "support": 513}, "44": {"precision": 0.6759259259259259, "recall": 0.9733333333333334, "f1-score": 0.7978142076502733, "support": 150}, "45": {"precision": 0.9261213720316622, "recall": 0.7663755458515283, "f1-score": 0.8387096774193548, "support": 458}, "46": {"precision": 0.6683333333333333, "recall": 0.9709443099273608, "f1-score": 0.7917077986179665, "support": 413}, "47": {"precision": 0.9089253187613844, "recall": 0.9596153846153846, "f1-score": 0.9335827876520112, "support": 520}, "48": {"precision": 0.9234042553191489, "recall": 0.9434782608695652, "f1-score": 0.9333333333333333, "support": 230}, "49": {"precision": 0.43258426966292135, "recall": 1.0, "f1-score": 0.6039215686274509, "support": 77}, "50": {"precision": 0.7795698924731183, "recall": 0.9518599562363238, "f1-score": 0.857142857142857, "support": 457}, "51": {"precision": 0.8974358974358975, "recall": 0.9655172413793104, "f1-score": 0.9302325581395349, "support": 145}, "52": {"precision": 0.9236326109391125, "recall": 0.6699101796407185, "f1-score": 0.7765726681127982, "support": 1336}, "53": {"precision": 0.9318181818181818, "recall": 0.9082278481012658, "f1-score": 0.9198717948717949, "support": 632}, "accuracy": 0.8480756927842689, "macro avg": {"precision": 0.8463067311739302, "recall": 0.8849420525550266, "f1-score": 0.8569264049814118, "support": 29699}, "weighted avg": {"precision": 0.8635461481226749, "recall": 0.8480756927842689, "f1-score": 0.8480078879916875, "support": 29699}}