{"0": {"precision": 0.851063829787234, "recall": 0.8333333333333334, "f1-score": 0.8421052631578947, "support": 48}, "1": {"precision": 0.8863636363636364, "recall": 0.9285714285714286, "f1-score": 0.9069767441860465, "support": 42}, "2": {"precision": 0.8541666666666666, "recall": 0.8913043478260869, "f1-score": 0.8723404255319149, "support": 46}, "3": {"precision": 0.75, "recall": 0.9230769230769231, "f1-score": 0.8275862068965517, "support": 26}, "4": {"precision": 0.6666666666666666, "recall": 0.6818181818181818, "f1-score": 0.6741573033707865, "support": 44}, "5": {"precision": 0.7142857142857143, "recall": 0.7792207792207793, "f1-score": 0.7453416149068324, "support": 77}, "6": {"precision": 0.6818181818181818, "recall": 0.75, "f1-score": 0.7142857142857143, "support": 40}, "7": {"precision": 1.0, "recall": 0.52, "f1-score": 0.6842105263157895, "support": 25}, "8": {"precision": 0.84375, "recall": 0.6428571428571429, "f1-score": 0.7297297297297298, "support": 42}, "9": {"precision": 0.84, "recall": 0.84, "f1-score": 0.8399999999999999, "support": 75}, "10": {"precision": 0.6153846153846154, "recall": 0.7619047619047619, "f1-score": 0.6808510638297872, "support": 21}, "11": {"precision": 0.7477477477477478, "recall": 0.6916666666666667, "f1-score": 0.7186147186147185, "support": 120}, "12": {"precision": 0.8125, "recall": 0.8297872340425532, "f1-score": 0.8210526315789474, "support": 47}, "13": {"precision": 0.7407407407407407, "recall": 0.8888888888888888, "f1-score": 0.808080808080808, "support": 45}, "14": {"precision": 0.9310344827586207, "recall": 0.8901098901098901, "f1-score": 0.9101123595505618, "support": 91}, "15": {"precision": 0.6666666666666666, "recall": 0.5777777777777777, "f1-score": 0.619047619047619, "support": 45}, "16": {"precision": 0.8082191780821918, "recall": 0.6704545454545454, "f1-score": 0.732919254658385, "support": 88}, "17": {"precision": 0.65625, "recall": 0.5675675675675675, "f1-score": 0.6086956521739131, "support": 37}, "18": {"precision": 0.7241379310344828, "recall": 0.8235294117647058, "f1-score": 0.7706422018348623, "support": 51}, "19": {"precision": 0.8837209302325582, "recall": 0.8636363636363636, "f1-score": 0.8735632183908046, "support": 44}, "20": {"precision": 0.6923076923076923, "recall": 0.375, "f1-score": 0.48648648648648646, "support": 24}, "21": {"precision": 1.0, "recall": 1.0, "f1-score": 1.0, "support": 6}, "22": {"precision": 1.0, "recall": 1.0, "f1-score": 1.0, "support": 4}, "23": {"precision": 0.759493670886076, "recall": 0.8450704225352113, "f1-score": 0.8, "support": 71}, "24": {"precision": 0.7659574468085106, "recall": 0.8780487804878049, "f1-score": 0.8181818181818182, "support": 41}, "25": {"precision": 0.8674698795180723, "recall": 0.8674698795180723, "f1-score": 0.8674698795180723, "support": 83}, "26": {"precision": 0.8670886075949367, "recall": 0.8838709677419355, "f1-score": 0.8753993610223643, "support": 155}, "27": {"precision": 0.7446808510638298, "recall": 0.813953488372093, "f1-score": 0.7777777777777778, "support": 43}, "28": {"precision": 0.7083333333333334, "recall": 0.8095238095238095, "f1-score": 0.7555555555555556, "support": 63}, "29": {"precision": 0.9393939393939394, "recall": 0.7380952380952381, "f1-score": 0.8266666666666667, "support": 42}, "30": {"precision": 0.6818181818181818, "recall": 0.8955223880597015, "f1-score": 0.7741935483870968, "support": 67}, "31": {"precision": 0.6578947368421053, "recall": 0.5813953488372093, "f1-score": 0.6172839506172839, "support": 43}, "32": {"precision": 0.8444444444444444, "recall": 0.8837209302325582, "f1-score": 0.8636363636363636, "support": 43}, "33": {"precision": 0.9069767441860465, "recall": 0.7959183673469388, "f1-score": 0.8478260869565216, "support": 49}, "34": {"precision": 0.7857142857142857, "recall": 0.8461538461538461, "f1-score": 0.8148148148148148, "support": 13}, "35": {"precision": 0.8, "recall": 0.5581395348837209, "f1-score": 0.6575342465753425, "support": 43}, "36": {"precision": 0.8409090909090909, "recall": 0.925, "f1-score": 0.8809523809523809, "support": 40}, "37": {"precision": 0.8958333333333334, "recall": 0.8775510204081632, "f1-score": 0.8865979381443299, "support": 49}, "38": {"precision": 0.7727272727272727, "recall": 0.7391304347826086, "f1-score": 0.7555555555555555, "support": 23}, "39": {"precision": 0.8, "recall": 0.5714285714285714, "f1-score": 0.6666666666666666, "support": 7}, "40": {"precision": 0.8888888888888888, "recall": 0.8421052631578947, "f1-score": 0.8648648648648649, "support": 38}, "41": {"precision": 0.75, "recall": 0.8571428571428571, "f1-score": 0.7999999999999999, "support": 14}, "42": {"precision": 0.8222222222222222, "recall": 0.8671875, "f1-score": 0.844106463878327, "support": 128}, "43": {"precision": 0.9137931034482759, "recall": 0.8688524590163934, "f1-score": 0.8907563025210085, "support": 61}, "44": {"precision": 0.908745247148289, "recall": 0.8951310861423221, "f1-score": 0.9018867924528302, "support": 267}, "45": {"precision": 0.8450704225352113, "recall": 0.8450704225352113, "f1-score": 0.8450704225352113, "support": 142}, "46": {"precision": 0.9036144578313253, "recall": 0.8333333333333334, "f1-score": 0.8670520231213873, "support": 90}, "47": {"precision": 0.6956521739130435, "recall": 0.8080808080808081, "f1-score": 0.7476635514018692, "support": 99}, "accuracy": 0.8112062812276946, "macro avg": {"precision": 0.8069488961480026, "recall": 0.7928625417152896, "f1-score": 0.7940481786340055, "support": 2802}, "weighted avg": {"precision": 0.8154214146925314, "recall": 0.8112062812276946, "f1-score": 0.809750713594967, "support": 2802}}