{"0": {"precision": 0.9180327868852459, "recall": 0.9613733905579399, "f1-score": 0.9392033542976939, "support": 466}, "1": {"precision": 0.9251101321585903, "recall": 1.0, "f1-score": 0.9610983981693363, "support": 420}, "2": {"precision": 0.9545454545454546, "recall": 0.9910112359550561, "f1-score": 0.9724366041896361, "support": 445}, "3": {"precision": 0.9695817490494296, "recall": 0.9883720930232558, "f1-score": 0.9788867562380039, "support": 258}, "4": {"precision": 0.9325581395348838, "recall": 0.9828431372549019, "f1-score": 0.9570405727923628, "support": 408}, "5": {"precision": 0.9755102040816327, "recall": 0.9509283819628647, "f1-score": 0.9630624580255205, "support": 754}, "6": {"precision": 0.9200968523002422, "recall": 0.9895833333333334, "f1-score": 0.9535759096612296, "support": 384}, "7": {"precision": 0.9626556016597511, "recall": 0.9872340425531915, "f1-score": 0.9747899159663866, "support": 235}, "8": {"precision": 0.8860759493670886, "recall": 0.995260663507109, "f1-score": 0.9374999999999999, "support": 422}, "9": {"precision": 0.9590395480225988, "recall": 0.9658605974395448, "f1-score": 0.9624379872430898, "support": 703}, "10": {"precision": 0.8841201716738197, "recall": 0.9856459330143541, "f1-score": 0.9321266968325791, "support": 209}, "11": {"precision": 0.9669902912621359, "recall": 0.87215411558669, "f1-score": 0.9171270718232044, "support": 1142}, "12": {"precision": 0.8619329388560157, "recall": 0.997716894977169, "f1-score": 0.9248677248677248, "support": 438}, "13": {"precision": 0.9617977528089887, "recall": 0.9861751152073732, "f1-score": 0.9738339021615472, "support": 434}, "14": {"precision": 0.9515570934256056, "recall": 0.9694477085781433, "f1-score": 0.9604190919674039, "support": 851}, "15": {"precision": 0.9460043196544277, "recall": 0.9711751662971175, "f1-score": 0.9584245076586433, "support": 451}, "16": {"precision": 0.9700374531835206, "recall": 0.9261025029797377, "f1-score": 0.947560975609756, "support": 839}, "17": {"precision": 0.9382022471910112, "recall": 0.9940476190476191, "f1-score": 0.9653179190751445, "support": 336}, "18": {"precision": 0.9829059829059829, "recall": 0.9913793103448276, "f1-score": 0.9871244635193134, "support": 464}, "19": {"precision": 0.9947229551451188, "recall": 0.9448621553884712, "f1-score": 0.9691516709511568, "support": 399}, "20": {"precision": 0.9863636363636363, "recall": 0.9601769911504425, "f1-score": 0.9730941704035874, "support": 226}, "21": {"precision": 0.9682539682539683, "recall": 1.0, "f1-score": 0.9838709677419354, "support": 61}, "22": {"precision": 1.0, "recall": 1.0, "f1-score": 1.0, "support": 37}, "23": {"precision": 0.8673602080624188, "recall": 0.9652677279305355, "f1-score": 0.9136986301369863, "support": 691}, "24": {"precision": 0.8264642082429501, "recall": 1.0, "f1-score": 0.9049881235154394, "support": 381}, "25": {"precision": 0.9114832535885168, "recall": 0.9694656488549618, "f1-score": 0.939580764488286, "support": 786}, "26": {"precision": 0.9674603174603175, "recall": 0.8186702484889188, "f1-score": 0.886867951982539, "support": 1489}, "27": {"precision": 0.9424460431654677, "recall": 0.9656019656019657, "f1-score": 0.9538834951456311, "support": 407}, "28": {"precision": 0.9421221864951769, "recall": 0.9782971619365609, "f1-score": 0.9598689598689598, "support": 599}, "29": {"precision": 0.9021739130434783, "recall": 0.9952038369304557, "f1-score": 0.9464082098061574, "support": 417}, "30": {"precision": 0.9933333333333333, "recall": 0.8989441930618401, "f1-score": 0.9437846397466351, "support": 663}, "31": {"precision": 0.9830917874396136, "recall": 0.9783653846153846, "f1-score": 0.9807228915662651, "support": 416}, "32": {"precision": 0.9948717948717949, "recall": 0.9065420560747663, "f1-score": 0.9486552567237163, "support": 428}, "33": {"precision": 0.9828693790149893, "recall": 0.9892241379310345, "f1-score": 0.9860365198711063, "support": 464}, "34": {"precision": 0.9383561643835616, "recall": 1.0, "f1-score": 0.9681978798586572, "support": 137}, "35": {"precision": 0.9649532710280374, "recall": 0.9951807228915662, "f1-score": 0.9798339264531436, "support": 415}, "36": {"precision": 0.9390862944162437, "recall": 0.9919571045576407, "f1-score": 0.9647979139504563, "support": 373}, "37": {"precision": 0.972972972972973, "recall": 0.9936305732484076, "f1-score": 0.9831932773109243, "support": 471}, "38": {"precision": 0.976303317535545, "recall": 0.9951690821256038, "f1-score": 0.985645933014354, "support": 207}, "39": {"precision": 1.0, "recall": 1.0, "f1-score": 1.0, "support": 70}, "40": {"precision": 0.9927710843373494, "recall": 0.9832935560859188, "f1-score": 0.988009592326139, "support": 419}, "41": {"precision": 0.9774436090225563, "recall": 0.9923664122137404, "f1-score": 0.9848484848484848, "support": 131}, "42": {"precision": 0.9528985507246377, "recall": 0.8708609271523179, "f1-score": 0.9100346020761245, "support": 1208}, "43": {"precision": 0.9738675958188153, "recall": 0.978984238178634, "f1-score": 0.9764192139737993, "support": 571}, "44": {"precision": 0.9930495221546481, "recall": 0.893666927286943, "f1-score": 0.9407407407407408, "support": 2558}, "45": {"precision": 0.9118046132971506, "recall": 0.9746192893401016, "f1-score": 0.9421661409043113, "support": 1379}, "46": {"precision": 0.8859556494192186, "recall": 0.996437054631829, "f1-score": 0.9379541643376188, "support": 842}, "47": {"precision": 0.9137055837563451, "recall": 0.9063444108761329, "f1-score": 0.910010111223458, "support": 993}, "48": {"precision": 0.0, "recall": 0.0, "f1-score": 0.0, "support": 0}, "49": {"precision": 0.0, "recall": 0.0, "f1-score": 0.0, "support": 0}, "50": {"precision": 0.0, "recall": 0.0, "f1-score": 0.0, "support": 0}, "51": {"precision": 0.0, "recall": 0.0, "f1-score": 0.0, "support": 0}, "52": {"precision": 0.0, "recall": 0.0, "f1-score": 0.0, "support": 0}, "53": {"precision": 0.0, "recall": 0.0, "f1-score": 0.0, "support": 0}, "micro avg": {"precision": 0.9460162843439789, "recall": 0.9460162843439789, "f1-score": 0.9460162843439789, "support": 26897}, "macro avg": {"precision": 0.8430174052206348, "recall": 0.8601748712624889, "f1-score": 0.8505425656123182, "support": 26897}, "weighted avg": {"precision": 0.9485411712695876, "recall": 0.9460162843439789, "f1-score": 0.9457066708673163, "support": 26897}}