{"0": {"precision": 0.929368029739777, "recall": 0.9727626459143969, "f1-score": 0.9505703422053232, "support": 514}, "1": {"precision": 0.9664570230607966, "recall": 0.9978354978354979, "f1-score": 0.9818956336528222, "support": 462}, "2": {"precision": 0.9780439121756487, "recall": 0.9979633401221996, "f1-score": 0.9879032258064516, "support": 491}, "3": {"precision": 0.9131832797427653, "recall": 1.0, "f1-score": 0.9546218487394957, "support": 284}, "4": {"precision": 0.9665924276169265, "recall": 0.9601769911504425, "f1-score": 0.9633740288568259, "support": 452}, "5": {"precision": 0.9357476635514018, "recall": 0.9638989169675091, "f1-score": 0.949614700652045, "support": 831}, "6": {"precision": 0.9855421686746988, "recall": 0.964622641509434, "f1-score": 0.9749702026221694, "support": 424}, "7": {"precision": 0.9181494661921709, "recall": 0.9923076923076923, "f1-score": 0.9537892791127542, "support": 260}, "8": {"precision": 0.9276859504132231, "recall": 0.9676724137931034, "f1-score": 0.9472573839662446, "support": 464}, "9": {"precision": 0.9791666666666666, "recall": 0.9665809768637532, "f1-score": 0.9728331177231564, "support": 778}, "10": {"precision": 0.9653679653679653, "recall": 0.9695652173913043, "f1-score": 0.9674620390455532, "support": 230}, "11": {"precision": 0.9868020304568528, "recall": 0.7702060221870047, "f1-score": 0.8651535380507342, "support": 1262}, "12": {"precision": 0.8137583892617449, "recall": 1.0, "f1-score": 0.8973172987974097, "support": 485}, "13": {"precision": 0.9190751445086706, "recall": 0.9958246346555324, "f1-score": 0.9559118236472945, "support": 479}, "14": {"precision": 0.9565667011375388, "recall": 0.9819532908704883, "f1-score": 0.9690937663698271, "support": 942}, "15": {"precision": 0.8415672913117547, "recall": 0.9959677419354839, "f1-score": 0.9122807017543859, "support": 496}, "16": {"precision": 0.9058341862845445, "recall": 0.9546925566343042, "f1-score": 0.9296218487394957, "support": 927}, "17": {"precision": 0.9758064516129032, "recall": 0.9731903485254692, "f1-score": 0.9744966442953019, "support": 373}, "18": {"precision": 0.910873440285205, "recall": 0.9922330097087378, "f1-score": 0.9498141263940522, "support": 515}, "19": {"precision": 0.9505376344086022, "recall": 0.9977426636568849, "f1-score": 0.9735682819383261, "support": 443}, "20": {"precision": 0.8435374149659864, "recall": 0.992, "f1-score": 0.911764705882353, "support": 250}, "21": {"precision": 0.9852941176470589, "recall": 1.0, "f1-score": 0.9925925925925926, "support": 67}, "22": {"precision": 0.9761904761904762, "recall": 1.0, "f1-score": 0.9879518072289156, "support": 41}, "23": {"precision": 0.9740634005763689, "recall": 0.8871391076115486, "f1-score": 0.9285714285714285, "support": 762}, "24": {"precision": 0.9183222958057395, "recall": 0.985781990521327, "f1-score": 0.9508571428571428, "support": 422}, "25": {"precision": 0.9791937581274383, "recall": 0.8665132336018412, "f1-score": 0.9194139194139194, "support": 869}, "26": {"precision": 0.8844393592677345, "recall": 0.940389294403893, "f1-score": 0.9115566037735849, "support": 1644}, "27": {"precision": 0.9812646370023419, "recall": 0.9311111111111111, "f1-score": 0.9555302166476625, "support": 450}, "28": {"precision": 0.9418777943368107, "recall": 0.9546827794561934, "f1-score": 0.9482370592648162, "support": 662}, "29": {"precision": 0.9813519813519813, "recall": 0.9172113289760349, "f1-score": 0.9481981981981982, "support": 459}, "30": {"precision": 0.9845070422535211, "recall": 0.9575342465753425, "f1-score": 0.9708333333333334, "support": 730}, "31": {"precision": 0.9041916167664671, "recall": 0.9869281045751634, "f1-score": 0.94375, "support": 459}, "32": {"precision": 0.9305555555555556, "recall": 0.9957537154989384, "f1-score": 0.962051282051282, "support": 471}, "33": {"precision": 0.9675572519083969, "recall": 0.9883040935672515, "f1-score": 0.9778206364513018, "support": 513}, "34": {"precision": 0.9254658385093167, "recall": 0.9933333333333333, "f1-score": 0.9581993569131833, "support": 150}, "35": {"precision": 0.9630434782608696, "recall": 0.9672489082969432, "f1-score": 0.9651416122004357, "support": 458}, "36": {"precision": 0.9926470588235294, "recall": 0.9806295399515739, "f1-score": 0.9866017052375152, "support": 413}, "37": {"precision": 0.9940828402366864, "recall": 0.9692307692307692, "f1-score": 0.9814995131450828, "support": 520}, "38": {"precision": 0.991304347826087, "recall": 0.991304347826087, "f1-score": 0.991304347826087, "support": 230}, "39": {"precision": 1.0, "recall": 1.0, "f1-score": 1.0, "support": 77}, "40": {"precision": 0.9363449691991786, "recall": 0.9978118161925602, "f1-score": 0.9661016949152542, "support": 457}, "41": {"precision": 0.993006993006993, "recall": 0.9793103448275862, "f1-score": 0.986111111111111, "support": 145}, "42": {"precision": 0.921644685802948, "recall": 0.8892215568862275, "f1-score": 0.9051428571428571, "support": 1336}, "43": {"precision": 0.9117221418234442, "recall": 0.9968354430379747, "f1-score": 0.9523809523809523, "support": 632}, "44": {"precision": 0.979023646071701, "recall": 0.9086725663716814, "f1-score": 0.9425371764273912, "support": 2825}, "45": {"precision": 0.9559706470980653, "recall": 0.9421433267587114, "f1-score": 0.9490066225165563, "support": 1521}, "46": {"precision": 0.9735391400220507, "recall": 0.9474248927038627, "f1-score": 0.9603045133224578, "support": 932}, "47": {"precision": 0.9482758620689655, "recall": 0.9065934065934066, "f1-score": 0.9269662921348315, "support": 1092}, "48": {"precision": 0.0, "recall": 0.0, "f1-score": 0.0, "support": 0}, "49": {"precision": 0.0, "recall": 0.0, "f1-score": 0.0, "support": 0}, "50": {"precision": 0.0, "recall": 0.0, "f1-score": 0.0, "support": 0}, "51": {"precision": 0.0, "recall": 0.0, "f1-score": 0.0, "support": 0}, "52": {"precision": 0.0, "recall": 0.0, "f1-score": 0.0, "support": 0}, "53": {"precision": 0.0, "recall": 0.0, "f1-score": 0.0, "support": 0}, "micro avg": {"precision": 0.9447119431630695, "recall": 0.9447119431630695, "f1-score": 0.9447119431630694, "support": 29699}, "macro avg": {"precision": 0.8419360032032512, "recall": 0.8571908492581222, "f1-score": 0.8483699354427762, "support": 29699}, "weighted avg": {"precision": 0.9472074206957817, "recall": 0.9447119431630695, "f1-score": 0.9444023665146848, "support": 29699}}