{"0": {"precision": 0.9502551020408163, "recall": 0.9394703656998739, "f1-score": 0.9448319594166138, "support": 1586}, "1": {"precision": 0.917910447761194, "recall": 0.8482758620689655, "f1-score": 0.8817204301075269, "support": 145}, "2": {"precision": 0.9325842696629213, "recall": 0.9665211062590975, "f1-score": 0.9492494639027875, "support": 687}, "3": {"precision": 0.8298969072164949, "recall": 0.8385416666666666, "f1-score": 0.8341968911917099, "support": 384}, "accuracy": 0.9275517487508922, "macro avg": {"precision": 0.9076616816703567, "recall": 0.8982022501736509, "f1-score": 0.9024996861546595, "support": 2802}, "weighted avg": {"precision": 0.9277542513888897, "recall": 0.9275517487508922, "f1-score": 0.9274871298783628, "support": 2802}}